Método,Sistema,Ultrapassagem(%),TempoAcomodação(s)
Contínuo,"A=-10.42, B=1, C=6198, D=0",8.39642472442144,0.492998427638799
ZOH,"A=0.92, B=0.007676, C=6198, D=0",8.63725250056084,0.492804410169546
Tustin,"A=0.92, B=0.00768, C=5950, D=23.8",7.28923962277361,0.495102314291659
Euler,"A=0.9167, B=0.008, C=6198, D=0",7.92506622782108,0.484045954526147
Referência,"—",8.40336134453782,0.5244
