Método,Sistema,Ultrapassagem(%),TempoAcomodação(s)
Contínuo,"A=-10.42, B=1, C=6198, D=0",8.39642474639275,0.484998428167751
ZOH,"A=0.92, B=0.007676, C=6198, D=0",11.0769286988559,0.470172343408725
Tustin,"A=0.92, B=0.00768, C=5950, D=23.8",9.48885437342759,0.469835511839527
Euler,"A=0.9167, B=0.008, C=6198, D=0",10.2830813663041,0.462079516789123
Referência,"—",8.40336134453782,0.5244
