Método,Sistema,Ultrapassagem(%),TempoAcomodação(s)
Contínuo,"A=-1.33, B=1, C=798.1, D=0",14.1877881575607,1.14432634640209
ZOH,"A=0.9894, B=0.007958, C=798.1, D=0",15.4022529434808,1.55285061192042
Tustin,"A=0.9894, B=0.007958, C=793.8, D=3.175",14.6235833185617,1.50905249114779
Euler,"A=0.9894, B=0.008, C=798.1, D=0",15.2960207597064,1.54475467935223
Referência,"—",14.1666666666667,1.5
