Método,Sistema,Ultrapassagem(%),TempoAcomodação(s)
Contínuo,"A=-10.42, B=1, C=6198, D=0",8.3261800946373,0.161773316719518
ZOH,"A=0.92, B=0.007676, C=6198, D=0",16.8367946637311,0.203108549662922
Tustin,"A=0.92, B=0.00768, C=5950, D=23.8",10.5521303592631,0.140898570651268
Euler,"A=0.9167, B=0.008, C=6198, D=0",15.8606361585844,0.195047240585365
Referência,"—",8.40336134453782,0.1748
