Método,Sistema,Ultrapassagem(%),TempoAcomodação(s)
Contínuo,"A=-14.97, B=1, C=1.048e+04, D=0",12.1667666667604,1.22325712765733
ZOH,"A=0.8871, B=0.00754, C=1.048e+04, D=0",14.2621271030507,1.22775668620137
Tustin,"A=0.887, B=0.007548, C=9887, D=39.55",13.5484644227433,1.22822354623334
Euler,"A=0.8802, B=0.008, C=1.048e+04, D=0",13.0930515930704,1.19947327490008
Referência,"—",12.1428571428571,1.5
