Q_c,R_c,Q_k,R_k,L_o,L_k,K,Ki,Ultrapassagem(%),TempoAcomodacao(s)
0.1,6,0.1,60,0.0378229757860791,0.039246269423873,28.4327738154318,0.129099444873581,5.98900543143939,0.227676295197467
